application_id,candidate_id,job_id,applied_date,source,stage
APP-CAND-1000-JOB-FE-002,CAND-1000,JOB-FE-002,2025-12-22,LinkedIn,offer
APP-CAND-1000-JOB-BE-001,CAND-1000,JOB-BE-001,2025-11-01,LinkedIn,offer
APP-CAND-1000-JOB-FE-001,CAND-1000,JOB-FE-001,2026-02-01,Recruiter,applied
APP-CAND-1001-JOB-ML-001,CAND-1001,JOB-ML-001,2026-01-03,LinkedIn,screen
APP-CAND-1001-JOB-ML-002,CAND-1001,JOB-ML-002,2025-11-18,Indeed,rejected
APP-CAND-1002-JOB-DA-001,CAND-1002,JOB-DA-001,2025-12-29,Company Site,offer
APP-CAND-1003-JOB-BE-001,CAND-1003,JOB-BE-001,2025-11-28,Indeed,interview
APP-CAND-1003-JOB-GENAI-001,CAND-1003,JOB-GENAI-001,2026-01-20,Referral,offer
APP-CAND-1003-JOB-ML-001,CAND-1003,JOB-ML-001,2025-12-17,Recruiter,offer
APP-CAND-1003-JOB-FE-001,CAND-1003,JOB-FE-001,2025-11-26,Company Site,interview
APP-CAND-1003-JOB-ML-002,CAND-1003,JOB-ML-002,2025-11-23,LinkedIn,rejected
APP-CAND-1004-JOB-BE-002,CAND-1004,JOB-BE-002,2025-11-29,Recruiter,offer
APP-CAND-1004-JOB-FE-002,CAND-1004,JOB-FE-002,2026-01-01,Company Site,screen
APP-CAND-1004-JOB-GENAI-001,CAND-1004,JOB-GENAI-001,2026-01-16,LinkedIn,offer
APP-CAND-1004-JOB-FE-001,CAND-1004,JOB-FE-001,2025-12-09,LinkedIn,interview
APP-CAND-1005-JOB-BE-002,CAND-1005,JOB-BE-002,2026-02-10,LinkedIn,interview
APP-CAND-1005-JOB-FE-002,CAND-1005,JOB-FE-002,2025-10-20,LinkedIn,applied
APP-CAND-1005-JOB-DA-002,CAND-1005,JOB-DA-002,2026-02-04,Company Site,applied
APP-CAND-1005-JOB-FE-001,CAND-1005,JOB-FE-001,2026-01-08,Company Site,rejected
APP-CAND-1006-JOB-FE-002,CAND-1006,JOB-FE-002,2025-11-04,Recruiter,screen
APP-CAND-1006-JOB-DA-002,CAND-1006,JOB-DA-002,2026-01-30,Company Site,interview
APP-CAND-1006-JOB-GENAI-002,CAND-1006,JOB-GENAI-002,2025-11-11,LinkedIn,interview
APP-CAND-1006-JOB-FE-001,CAND-1006,JOB-FE-001,2025-12-01,Referral,screen
APP-CAND-1007-JOB-GENAI-001,CAND-1007,JOB-GENAI-001,2025-12-09,LinkedIn,screen
APP-CAND-1008-JOB-GENAI-001,CAND-1008,JOB-GENAI-001,2025-12-13,Recruiter,screen
APP-CAND-1009-JOB-ML-001,CAND-1009,JOB-ML-001,2025-10-25,Indeed,applied
APP-CAND-1009-JOB-DA-001,CAND-1009,JOB-DA-001,2025-10-16,Referral,screen
APP-CAND-1009-JOB-DA-002,CAND-1009,JOB-DA-002,2025-10-16,Company Site,offer
APP-CAND-1009-JOB-FE-001,CAND-1009,JOB-FE-001,2025-12-15,Indeed,rejected
APP-CAND-1010-JOB-FE-002,CAND-1010,JOB-FE-002,2025-11-20,LinkedIn,screen
APP-CAND-1010-JOB-ML-002,CAND-1010,JOB-ML-002,2025-12-13,LinkedIn,applied
APP-CAND-1011-JOB-ML-001,CAND-1011,JOB-ML-001,2026-01-07,LinkedIn,offer
APP-CAND-1011-JOB-BE-001,CAND-1011,JOB-BE-001,2025-11-18,Indeed,offer
APP-CAND-1012-JOB-DA-002,CAND-1012,JOB-DA-002,2026-01-17,Company Site,screen
APP-CAND-1012-JOB-BE-001,CAND-1012,JOB-BE-001,2025-12-21,Referral,rejected
APP-CAND-1012-JOB-BE-002,CAND-1012,JOB-BE-002,2026-01-06,Indeed,rejected
APP-CAND-1013-JOB-ML-001,CAND-1013,JOB-ML-001,2025-11-21,Company Site,rejected
APP-CAND-1013-JOB-FE-002,CAND-1013,JOB-FE-002,2026-01-05,LinkedIn,applied
APP-CAND-1013-JOB-GENAI-002,CAND-1013,JOB-GENAI-002,2026-01-18,Indeed,rejected
APP-CAND-1013-JOB-ML-002,CAND-1013,JOB-ML-002,2025-12-11,Company Site,screen
APP-CAND-1014-JOB-BE-001,CAND-1014,JOB-BE-001,2026-01-18,Company Site,offer
APP-CAND-1014-JOB-BE-002,CAND-1014,JOB-BE-002,2026-01-23,LinkedIn,offer
APP-CAND-1015-JOB-ML-001,CAND-1015,JOB-ML-001,2026-01-27,LinkedIn,applied
APP-CAND-1015-JOB-GENAI-002,CAND-1015,JOB-GENAI-002,2025-11-30,Company Site,screen
APP-CAND-1015-JOB-ML-002,CAND-1015,JOB-ML-002,2025-12-05,Indeed,screen
APP-CAND-1015-JOB-GENAI-001,CAND-1015,JOB-GENAI-001,2025-11-06,Referral,applied
APP-CAND-1016-JOB-ML-002,CAND-1016,JOB-ML-002,2025-10-31,Company Site,offer
APP-CAND-1017-JOB-ML-001,CAND-1017,JOB-ML-001,2025-12-27,Recruiter,applied
APP-CAND-1017-JOB-BE-002,CAND-1017,JOB-BE-002,2026-01-10,Indeed,offer
APP-CAND-1017-JOB-FE-002,CAND-1017,JOB-FE-002,2025-12-26,Referral,applied
APP-CAND-1017-JOB-FE-001,CAND-1017,JOB-FE-001,2026-01-17,Recruiter,applied
APP-CAND-1018-JOB-DA-001,CAND-1018,JOB-DA-001,2025-11-28,Indeed,interview
APP-CAND-1018-JOB-DA-002,CAND-1018,JOB-DA-002,2025-10-27,Indeed,applied
APP-CAND-1018-JOB-BE-002,CAND-1018,JOB-BE-002,2025-12-17,Recruiter,rejected
APP-CAND-1019-JOB-ML-001,CAND-1019,JOB-ML-001,2025-11-17,Indeed,screen
APP-CAND-1019-JOB-ML-002,CAND-1019,JOB-ML-002,2026-01-30,Company Site,screen
APP-CAND-1019-JOB-BE-002,CAND-1019,JOB-BE-002,2025-11-09,Referral,offer
APP-CAND-1020-JOB-DA-002,CAND-1020,JOB-DA-002,2026-02-03,Company Site,applied
APP-CAND-1020-JOB-ML-001,CAND-1020,JOB-ML-001,2025-12-30,Indeed,applied
APP-CAND-1020-JOB-FE-002,CAND-1020,JOB-FE-002,2025-10-28,Company Site,rejected
APP-CAND-1020-JOB-GENAI-001,CAND-1020,JOB-GENAI-001,2025-12-11,Company Site,applied
APP-CAND-1020-JOB-FE-001,CAND-1020,JOB-FE-001,2026-01-26,Indeed,rejected
APP-CAND-1021-JOB-GENAI-001,CAND-1021,JOB-GENAI-001,2025-12-06,Referral,rejected
APP-CAND-1022-JOB-FE-002,CAND-1022,JOB-FE-002,2025-10-26,Indeed,interview
APP-CAND-1022-JOB-DA-001,CAND-1022,JOB-DA-001,2025-10-28,Indeed,offer
APP-CAND-1022-JOB-DA-002,CAND-1022,JOB-DA-002,2025-10-24,Indeed,applied
APP-CAND-1022-JOB-BE-001,CAND-1022,JOB-BE-001,2025-12-17,Referral,applied
APP-CAND-1023-JOB-DA-001,CAND-1023,JOB-DA-001,2026-01-20,Indeed,rejected
APP-CAND-1023-JOB-BE-001,CAND-1023,JOB-BE-001,2026-01-16,Recruiter,offer
APP-CAND-1024-JOB-FE-002,CAND-1024,JOB-FE-002,2025-10-21,Recruiter,interview
APP-CAND-1024-JOB-ML-002,CAND-1024,JOB-ML-002,2026-02-09,Referral,interview
APP-CAND-1024-JOB-FE-001,CAND-1024,JOB-FE-001,2025-12-08,Indeed,screen
APP-CAND-1025-JOB-DA-001,CAND-1025,JOB-DA-001,2025-10-16,Recruiter,offer
APP-CAND-1025-JOB-DA-002,CAND-1025,JOB-DA-002,2025-12-12,Indeed,screen
APP-CAND-1025-JOB-GENAI-001,CAND-1025,JOB-GENAI-001,2025-11-29,Indeed,rejected
APP-CAND-1026-JOB-ML-001,CAND-1026,JOB-ML-001,2026-01-28,Referral,offer
APP-CAND-1026-JOB-ML-002,CAND-1026,JOB-ML-002,2025-11-06,Recruiter,applied
APP-CAND-1026-JOB-BE-001,CAND-1026,JOB-BE-001,2026-02-03,Indeed,interview
APP-CAND-1027-JOB-BE-001,CAND-1027,JOB-BE-001,2025-10-25,LinkedIn,offer
APP-CAND-1028-JOB-ML-001,CAND-1028,JOB-ML-001,2025-12-24,Referral,rejected
APP-CAND-1028-JOB-GENAI-002,CAND-1028,JOB-GENAI-002,2025-12-01,Referral,screen
APP-CAND-1028-JOB-ML-002,CAND-1028,JOB-ML-002,2026-01-09,Recruiter,offer
APP-CAND-1029-JOB-FE-002,CAND-1029,JOB-FE-002,2025-12-03,LinkedIn,interview
APP-CAND-1029-JOB-GENAI-002,CAND-1029,JOB-GENAI-002,2026-01-18,Indeed,offer
APP-CAND-1029-JOB-GENAI-001,CAND-1029,JOB-GENAI-001,2026-01-17,Referral,rejected
APP-CAND-1030-JOB-ML-001,CAND-1030,JOB-ML-001,2025-12-23,Company Site,applied
APP-CAND-1030-JOB-FE-002,CAND-1030,JOB-FE-002,2025-10-22,Referral,interview
APP-CAND-1030-JOB-ML-002,CAND-1030,JOB-ML-002,2026-02-01,Indeed,rejected
APP-CAND-1030-JOB-FE-001,CAND-1030,JOB-FE-001,2026-01-11,Indeed,rejected
APP-CAND-1031-JOB-BE-001,CAND-1031,JOB-BE-001,2025-10-20,Indeed,offer
APP-CAND-1031-JOB-DA-001,CAND-1031,JOB-DA-001,2026-01-25,Company Site,applied
APP-CAND-1031-JOB-FE-002,CAND-1031,JOB-FE-002,2026-01-28,LinkedIn,offer
APP-CAND-1031-JOB-GENAI-001,CAND-1031,JOB-GENAI-001,2025-12-08,Referral,interview
APP-CAND-1031-JOB-BE-002,CAND-1031,JOB-BE-002,2025-12-17,Recruiter,interview
APP-CAND-1032-JOB-DA-001,CAND-1032,JOB-DA-001,2025-12-04,Indeed,offer
APP-CAND-1032-JOB-BE-001,CAND-1032,JOB-BE-001,2025-11-15,LinkedIn,rejected
APP-CAND-1033-JOB-DA-001,CAND-1033,JOB-DA-001,2025-10-29,LinkedIn,applied
APP-CAND-1033-JOB-BE-001,CAND-1033,JOB-BE-001,2026-02-03,Referral,offer
APP-CAND-1033-JOB-DA-002,CAND-1033,JOB-DA-002,2026-01-18,Company Site,applied
APP-CAND-1033-JOB-BE-002,CAND-1033,JOB-BE-002,2026-01-01,Company Site,rejected
APP-CAND-1034-JOB-FE-002,CAND-1034,JOB-FE-002,2025-11-18,LinkedIn,applied
APP-CAND-1034-JOB-FE-001,CAND-1034,JOB-FE-001,2026-01-09,Indeed,screen
APP-CAND-1035-JOB-GENAI-002,CAND-1035,JOB-GENAI-002,2025-12-05,Company Site,interview
APP-CAND-1035-JOB-GENAI-001,CAND-1035,JOB-GENAI-001,2025-11-13,Indeed,rejected
APP-CAND-1035-JOB-BE-001,CAND-1035,JOB-BE-001,2026-01-28,LinkedIn,interview
APP-CAND-1035-JOB-BE-002,CAND-1035,JOB-BE-002,2025-10-18,Recruiter,rejected
APP-CAND-1036-JOB-BE-002,CAND-1036,JOB-BE-002,2025-12-09,LinkedIn,interview
APP-CAND-1036-JOB-DA-001,CAND-1036,JOB-DA-001,2026-01-06,Indeed,offer
APP-CAND-1036-JOB-GENAI-002,CAND-1036,JOB-GENAI-002,2026-01-03,LinkedIn,applied
APP-CAND-1036-JOB-GENAI-001,CAND-1036,JOB-GENAI-001,2026-01-06,Indeed,offer
APP-CAND-1037-JOB-FE-002,CAND-1037,JOB-FE-002,2025-11-06,Company Site,interview
APP-CAND-1037-JOB-DA-002,CAND-1037,JOB-DA-002,2025-10-30,Indeed,screen
APP-CAND-1037-JOB-GENAI-002,CAND-1037,JOB-GENAI-002,2025-11-06,LinkedIn,interview
APP-CAND-1037-JOB-GENAI-001,CAND-1037,JOB-GENAI-001,2025-11-10,Indeed,offer
APP-CAND-1038-JOB-ML-001,CAND-1038,JOB-ML-001,2025-12-29,Indeed,offer
APP-CAND-1038-JOB-FE-001,CAND-1038,JOB-FE-001,2026-02-06,Indeed,interview
APP-CAND-1038-JOB-ML-002,CAND-1038,JOB-ML-002,2025-12-26,Company Site,interview
APP-CAND-1038-JOB-BE-002,CAND-1038,JOB-BE-002,2025-11-02,Indeed,applied
APP-CAND-1039-JOB-ML-002,CAND-1039,JOB-ML-002,2025-11-30,Company Site,interview
APP-CAND-1040-JOB-GENAI-002,CAND-1040,JOB-GENAI-002,2025-12-27,Recruiter,rejected
APP-CAND-1040-JOB-GENAI-001,CAND-1040,JOB-GENAI-001,2026-01-14,Recruiter,applied
APP-CAND-1041-JOB-DA-001,CAND-1041,JOB-DA-001,2026-02-07,Company Site,rejected
APP-CAND-1041-JOB-GENAI-002,CAND-1041,JOB-GENAI-002,2025-11-02,Company Site,interview
APP-CAND-1041-JOB-ML-001,CAND-1041,JOB-ML-001,2025-12-20,Company Site,offer
APP-CAND-1041-JOB-GENAI-001,CAND-1041,JOB-GENAI-001,2025-10-13,Company Site,rejected
APP-CAND-1041-JOB-ML-002,CAND-1041,JOB-ML-002,2026-02-07,Referral,interview
APP-CAND-1042-JOB-GENAI-002,CAND-1042,JOB-GENAI-002,2025-10-14,Referral,rejected
APP-CAND-1043-JOB-ML-001,CAND-1043,JOB-ML-001,2025-11-25,Referral,interview
APP-CAND-1044-JOB-DA-002,CAND-1044,JOB-DA-002,2025-11-30,Indeed,rejected
APP-CAND-1044-JOB-BE-001,CAND-1044,JOB-BE-001,2025-11-22,Indeed,offer
APP-CAND-1044-JOB-DA-001,CAND-1044,JOB-DA-001,2025-12-04,LinkedIn,rejected
APP-CAND-1044-JOB-ML-001,CAND-1044,JOB-ML-001,2025-10-31,LinkedIn,rejected
APP-CAND-1044-JOB-ML-002,CAND-1044,JOB-ML-002,2025-12-12,Indeed,rejected
APP-CAND-1045-JOB-GENAI-002,CAND-1045,JOB-GENAI-002,2025-12-26,LinkedIn,interview
APP-CAND-1045-JOB-GENAI-001,CAND-1045,JOB-GENAI-001,2025-12-01,Indeed,applied
APP-CAND-1045-JOB-DA-002,CAND-1045,JOB-DA-002,2025-10-16,Company Site,offer
APP-CAND-1045-JOB-BE-002,CAND-1045,JOB-BE-002,2025-11-25,Referral,offer
APP-CAND-1046-JOB-DA-002,CAND-1046,JOB-DA-002,2025-12-29,Company Site,applied
APP-CAND-1046-JOB-GENAI-002,CAND-1046,JOB-GENAI-002,2026-01-31,Recruiter,offer
APP-CAND-1046-JOB-BE-001,CAND-1046,JOB-BE-001,2025-12-08,Referral,rejected
APP-CAND-1046-JOB-GENAI-001,CAND-1046,JOB-GENAI-001,2025-12-09,Referral,screen
APP-CAND-1047-JOB-ML-001,CAND-1047,JOB-ML-001,2026-02-07,Referral,applied
APP-CAND-1047-JOB-FE-002,CAND-1047,JOB-FE-002,2026-01-25,Indeed,rejected
APP-CAND-1047-JOB-DA-002,CAND-1047,JOB-DA-002,2025-10-16,Recruiter,offer
APP-CAND-1047-JOB-FE-001,CAND-1047,JOB-FE-001,2025-12-27,Referral,offer
APP-CAND-1048-JOB-DA-002,CAND-1048,JOB-DA-002,2025-11-22,Recruiter,offer
APP-CAND-1048-JOB-DA-001,CAND-1048,JOB-DA-001,2026-01-04,Recruiter,screen
APP-CAND-1048-JOB-ML-001,CAND-1048,JOB-ML-001,2025-11-09,Referral,rejected
APP-CAND-1048-JOB-GENAI-001,CAND-1048,JOB-GENAI-001,2025-10-16,Indeed,applied
APP-CAND-1048-JOB-ML-002,CAND-1048,JOB-ML-002,2026-01-22,LinkedIn,rejected
APP-CAND-1049-JOB-DA-002,CAND-1049,JOB-DA-002,2026-01-23,LinkedIn,screen
APP-CAND-1049-JOB-BE-001,CAND-1049,JOB-BE-001,2025-12-02,Indeed,screen
APP-CAND-1049-JOB-DA-001,CAND-1049,JOB-DA-001,2026-02-07,Indeed,applied
APP-CAND-1049-JOB-GENAI-001,CAND-1049,JOB-GENAI-001,2025-10-19,Indeed,rejected
APP-CAND-1049-JOB-FE-001,CAND-1049,JOB-FE-001,2025-10-31,Referral,applied
APP-CAND-1050-JOB-FE-002,CAND-1050,JOB-FE-002,2025-11-09,LinkedIn,interview
APP-CAND-1050-JOB-GENAI-001,CAND-1050,JOB-GENAI-001,2026-01-21,Indeed,interview
APP-CAND-1050-JOB-BE-001,CAND-1050,JOB-BE-001,2026-01-06,Recruiter,rejected
APP-CAND-1050-JOB-FE-001,CAND-1050,JOB-FE-001,2025-11-16,LinkedIn,interview
APP-CAND-1051-JOB-ML-002,CAND-1051,JOB-ML-002,2026-01-29,Indeed,interview
APP-CAND-1052-JOB-DA-001,CAND-1052,JOB-DA-001,2025-10-22,Referral,screen
APP-CAND-1052-JOB-DA-002,CAND-1052,JOB-DA-002,2026-01-08,Recruiter,screen
APP-CAND-1053-JOB-ML-001,CAND-1053,JOB-ML-001,2025-12-19,Company Site,rejected
APP-CAND-1053-JOB-DA-001,CAND-1053,JOB-DA-001,2025-12-24,Indeed,screen
APP-CAND-1053-JOB-BE-001,CAND-1053,JOB-BE-001,2025-11-21,Company Site,offer
APP-CAND-1053-JOB-FE-001,CAND-1053,JOB-FE-001,2025-12-05,Referral,interview
APP-CAND-1054-JOB-GENAI-002,CAND-1054,JOB-GENAI-002,2025-11-26,Company Site,rejected
APP-CAND-1054-JOB-DA-002,CAND-1054,JOB-DA-002,2025-12-11,Company Site,applied
APP-CAND-1055-JOB-FE-001,CAND-1055,JOB-FE-001,2025-12-19,Recruiter,interview
APP-CAND-1055-JOB-GENAI-001,CAND-1055,JOB-GENAI-001,2026-01-10,Recruiter,applied
APP-CAND-1056-JOB-GENAI-002,CAND-1056,JOB-GENAI-002,2025-12-28,Recruiter,screen
APP-CAND-1056-JOB-GENAI-001,CAND-1056,JOB-GENAI-001,2025-11-03,Recruiter,offer
APP-CAND-1057-JOB-DA-002,CAND-1057,JOB-DA-002,2025-11-24,Company Site,screen
APP-CAND-1057-JOB-GENAI-002,CAND-1057,JOB-GENAI-002,2025-11-25,Indeed,applied
APP-CAND-1057-JOB-GENAI-001,CAND-1057,JOB-GENAI-001,2025-11-10,LinkedIn,offer
APP-CAND-1057-JOB-FE-002,CAND-1057,JOB-FE-002,2026-01-30,Company Site,interview
APP-CAND-1057-JOB-FE-001,CAND-1057,JOB-FE-001,2025-11-04,Indeed,applied
APP-CAND-1058-JOB-DA-001,CAND-1058,JOB-DA-001,2025-12-26,Indeed,screen
APP-CAND-1059-JOB-ML-002,CAND-1059,JOB-ML-002,2026-01-04,Referral,interview
APP-CAND-1059-JOB-BE-001,CAND-1059,JOB-BE-001,2025-12-30,Recruiter,screen
APP-CAND-1060-JOB-DA-002,CAND-1060,JOB-DA-002,2025-11-19,Recruiter,screen
APP-CAND-1060-JOB-DA-001,CAND-1060,JOB-DA-001,2025-10-29,Company Site,applied
APP-CAND-1060-JOB-ML-001,CAND-1060,JOB-ML-001,2026-02-01,LinkedIn,rejected
APP-CAND-1060-JOB-BE-002,CAND-1060,JOB-BE-002,2025-11-10,Recruiter,applied
APP-CAND-1060-JOB-ML-002,CAND-1060,JOB-ML-002,2026-02-09,Indeed,rejected
APP-CAND-1061-JOB-DA-002,CAND-1061,JOB-DA-002,2026-01-17,Indeed,interview
APP-CAND-1061-JOB-FE-001,CAND-1061,JOB-FE-001,2025-11-02,Company Site,offer
APP-CAND-1062-JOB-GENAI-002,CAND-1062,JOB-GENAI-002,2025-11-05,Indeed,applied
APP-CAND-1062-JOB-ML-001,CAND-1062,JOB-ML-001,2025-12-15,Referral,rejected
APP-CAND-1062-JOB-FE-002,CAND-1062,JOB-FE-002,2026-02-07,Recruiter,screen
APP-CAND-1062-JOB-BE-002,CAND-1062,JOB-BE-002,2025-12-15,Company Site,offer
APP-CAND-1062-JOB-ML-002,CAND-1062,JOB-ML-002,2025-11-30,LinkedIn,interview
APP-CAND-1063-JOB-DA-001,CAND-1063,JOB-DA-001,2025-11-27,Referral,applied
APP-CAND-1063-JOB-DA-002,CAND-1063,JOB-DA-002,2026-01-23,Recruiter,rejected
APP-CAND-1063-JOB-GENAI-001,CAND-1063,JOB-GENAI-001,2025-10-26,Recruiter,rejected
APP-CAND-1064-JOB-DA-002,CAND-1064,JOB-DA-002,2025-11-13,LinkedIn,offer
APP-CAND-1064-JOB-BE-001,CAND-1064,JOB-BE-001,2026-01-25,LinkedIn,screen
APP-CAND-1064-JOB-ML-001,CAND-1064,JOB-ML-001,2025-12-06,LinkedIn,screen
APP-CAND-1064-JOB-FE-002,CAND-1064,JOB-FE-002,2026-01-16,Recruiter,applied
APP-CAND-1064-JOB-FE-001,CAND-1064,JOB-FE-001,2026-02-06,Recruiter,offer
APP-CAND-1065-JOB-FE-001,CAND-1065,JOB-FE-001,2025-12-06,Company Site,rejected
APP-CAND-1065-JOB-BE-002,CAND-1065,JOB-BE-002,2025-10-20,Company Site,rejected
APP-CAND-1066-JOB-DA-001,CAND-1066,JOB-DA-001,2025-12-06,Indeed,interview
APP-CAND-1066-JOB-GENAI-002,CAND-1066,JOB-GENAI-002,2025-12-12,Recruiter,screen
APP-CAND-1067-JOB-FE-001,CAND-1067,JOB-FE-001,2026-01-05,Recruiter,rejected
APP-CAND-1067-JOB-BE-001,CAND-1067,JOB-BE-001,2025-11-09,Company Site,interview
APP-CAND-1067-JOB-BE-002,CAND-1067,JOB-BE-002,2025-11-23,Recruiter,interview
APP-CAND-1068-JOB-DA-002,CAND-1068,JOB-DA-002,2026-02-01,LinkedIn,screen
APP-CAND-1068-JOB-BE-001,CAND-1068,JOB-BE-001,2025-12-07,Recruiter,offer
APP-CAND-1068-JOB-DA-001,CAND-1068,JOB-DA-001,2025-11-17,Recruiter,interview
APP-CAND-1068-JOB-GENAI-002,CAND-1068,JOB-GENAI-002,2026-01-03,Indeed,applied
APP-CAND-1068-JOB-FE-002,CAND-1068,JOB-FE-002,2026-01-11,Indeed,offer
APP-CAND-1069-JOB-ML-001,CAND-1069,JOB-ML-001,2025-11-11,Referral,offer
APP-CAND-1069-JOB-GENAI-002,CAND-1069,JOB-GENAI-002,2025-12-01,Recruiter,offer
APP-CAND-1069-JOB-ML-002,CAND-1069,JOB-ML-002,2025-11-14,Company Site,applied
APP-CAND-1069-JOB-FE-001,CAND-1069,JOB-FE-001,2025-12-01,Recruiter,interview
APP-CAND-1070-JOB-ML-001,CAND-1070,JOB-ML-001,2025-11-04,Company Site,offer
APP-CAND-1070-JOB-ML-002,CAND-1070,JOB-ML-002,2026-01-14,Indeed,rejected
APP-CAND-1071-JOB-GENAI-002,CAND-1071,JOB-GENAI-002,2026-01-16,Recruiter,interview
APP-CAND-1071-JOB-GENAI-001,CAND-1071,JOB-GENAI-001,2025-12-05,Referral,applied
APP-CAND-1072-JOB-DA-001,CAND-1072,JOB-DA-001,2025-10-23,Recruiter,rejected
APP-CAND-1072-JOB-ML-001,CAND-1072,JOB-ML-001,2025-11-22,Recruiter,offer
APP-CAND-1072-JOB-FE-002,CAND-1072,JOB-FE-002,2026-01-19,Recruiter,rejected
APP-CAND-1072-JOB-BE-002,CAND-1072,JOB-BE-002,2025-10-30,LinkedIn,applied
APP-CAND-1072-JOB-ML-002,CAND-1072,JOB-ML-002,2025-12-25,LinkedIn,rejected
APP-CAND-1073-JOB-ML-001,CAND-1073,JOB-ML-001,2026-01-31,Recruiter,applied
APP-CAND-1073-JOB-DA-001,CAND-1073,JOB-DA-001,2026-02-03,Recruiter,applied
APP-CAND-1074-JOB-DA-001,CAND-1074,JOB-DA-001,2025-11-19,Indeed,applied
APP-CAND-1074-JOB-BE-001,CAND-1074,JOB-BE-001,2025-12-30,Company Site,screen
APP-CAND-1074-JOB-FE-001,CAND-1074,JOB-FE-001,2025-10-18,Indeed,interview
APP-CAND-1075-JOB-DA-002,CAND-1075,JOB-DA-002,2025-10-27,Referral,interview
APP-CAND-1075-JOB-DA-001,CAND-1075,JOB-DA-001,2025-11-10,Company Site,rejected
APP-CAND-1075-JOB-ML-001,CAND-1075,JOB-ML-001,2025-12-29,Recruiter,offer
APP-CAND-1075-JOB-GENAI-001,CAND-1075,JOB-GENAI-001,2026-01-03,LinkedIn,screen
APP-CAND-1075-JOB-ML-002,CAND-1075,JOB-ML-002,2025-11-05,Indeed,applied
APP-CAND-1076-JOB-BE-002,CAND-1076,JOB-BE-002,2026-01-30,Company Site,screen
APP-CAND-1076-JOB-FE-002,CAND-1076,JOB-FE-002,2025-10-31,Company Site,offer
APP-CAND-1076-JOB-DA-001,CAND-1076,JOB-DA-001,2025-12-22,Referral,offer
APP-CAND-1076-JOB-FE-001,CAND-1076,JOB-FE-001,2026-02-10,Referral,screen
APP-CAND-1077-JOB-FE-002,CAND-1077,JOB-FE-002,2026-01-11,Referral,offer
APP-CAND-1077-JOB-FE-001,CAND-1077,JOB-FE-001,2026-01-30,Referral,screen
APP-CAND-1078-JOB-DA-002,CAND-1078,JOB-DA-002,2026-01-24,Recruiter,screen
APP-CAND-1078-JOB-BE-001,CAND-1078,JOB-BE-001,2026-02-05,Referral,interview
APP-CAND-1078-JOB-GENAI-002,CAND-1078,JOB-GENAI-002,2025-12-17,LinkedIn,interview
APP-CAND-1078-JOB-ML-001,CAND-1078,JOB-ML-001,2025-12-23,Referral,offer
APP-CAND-1078-JOB-GENAI-001,CAND-1078,JOB-GENAI-001,2026-01-22,Company Site,interview
APP-CAND-1079-JOB-BE-002,CAND-1079,JOB-BE-002,2025-12-26,LinkedIn,screen
APP-CAND-1079-JOB-DA-001,CAND-1079,JOB-DA-001,2025-12-18,Indeed,offer
APP-CAND-1079-JOB-DA-002,CAND-1079,JOB-DA-002,2025-10-22,LinkedIn,screen
APP-CAND-1079-JOB-GENAI-001,CAND-1079,JOB-GENAI-001,2026-02-10,Company Site,rejected
APP-CAND-1080-JOB-FE-002,CAND-1080,JOB-FE-002,2025-12-26,LinkedIn,rejected
APP-CAND-1080-JOB-ML-002,CAND-1080,JOB-ML-002,2025-11-15,Company Site,interview
APP-CAND-1080-JOB-FE-001,CAND-1080,JOB-FE-001,2025-12-18,Company Site,interview
APP-CAND-1081-JOB-FE-002,CAND-1081,JOB-FE-002,2026-01-19,Company Site,interview
APP-CAND-1082-JOB-ML-002,CAND-1082,JOB-ML-002,2025-11-30,Recruiter,applied
APP-CAND-1082-JOB-DA-001,CAND-1082,JOB-DA-001,2026-02-01,Company Site,interview
APP-CAND-1082-JOB-DA-002,CAND-1082,JOB-DA-002,2026-02-06,Referral,rejected
APP-CAND-1082-JOB-BE-002,CAND-1082,JOB-BE-002,2025-11-10,LinkedIn,offer
APP-CAND-1083-JOB-DA-002,CAND-1083,JOB-DA-002,2025-10-28,Recruiter,rejected
APP-CAND-1083-JOB-BE-001,CAND-1083,JOB-BE-001,2025-12-19,Indeed,interview
APP-CAND-1083-JOB-DA-001,CAND-1083,JOB-DA-001,2025-12-03,Recruiter,offer
APP-CAND-1083-JOB-FE-002,CAND-1083,JOB-FE-002,2025-10-14,Indeed,applied
APP-CAND-1083-JOB-GENAI-001,CAND-1083,JOB-GENAI-001,2025-12-29,Company Site,interview
APP-CAND-1084-JOB-GENAI-002,CAND-1084,JOB-GENAI-002,2025-12-01,Recruiter,screen
APP-CAND-1084-JOB-FE-001,CAND-1084,JOB-FE-001,2025-12-24,Indeed,screen
APP-CAND-1084-JOB-GENAI-001,CAND-1084,JOB-GENAI-001,2025-12-24,Indeed,applied
APP-CAND-1085-JOB-BE-002,CAND-1085,JOB-BE-002,2026-01-14,Referral,applied
APP-CAND-1086-JOB-DA-002,CAND-1086,JOB-DA-002,2025-11-15,LinkedIn,offer
APP-CAND-1086-JOB-GENAI-002,CAND-1086,JOB-GENAI-002,2025-11-28,Recruiter,offer
APP-CAND-1086-JOB-GENAI-001,CAND-1086,JOB-GENAI-001,2025-12-20,Referral,applied
APP-CAND-1086-JOB-ML-001,CAND-1086,JOB-ML-001,2025-11-23,Referral,screen
APP-CAND-1086-JOB-FE-001,CAND-1086,JOB-FE-001,2025-11-24,Indeed,rejected
APP-CAND-1087-JOB-ML-002,CAND-1087,JOB-ML-002,2026-02-08,Company Site,rejected
APP-CAND-1088-JOB-BE-001,CAND-1088,JOB-BE-001,2025-11-15,LinkedIn,interview
APP-CAND-1088-JOB-BE-002,CAND-1088,JOB-BE-002,2026-02-08,Indeed,offer
APP-CAND-1089-JOB-DA-002,CAND-1089,JOB-DA-002,2025-10-23,Recruiter,applied
APP-CAND-1089-JOB-DA-001,CAND-1089,JOB-DA-001,2025-11-02,Recruiter,interview
APP-CAND-1089-JOB-ML-001,CAND-1089,JOB-ML-001,2025-10-20,Indeed,applied
APP-CAND-1089-JOB-BE-002,CAND-1089,JOB-BE-002,2025-11-11,Indeed,rejected
APP-CAND-1089-JOB-ML-002,CAND-1089,JOB-ML-002,2025-11-11,LinkedIn,offer
APP-CAND-1090-JOB-FE-002,CAND-1090,JOB-FE-002,2025-11-10,Referral,interview
APP-CAND-1090-JOB-DA-001,CAND-1090,JOB-DA-001,2025-12-20,Company Site,screen
APP-CAND-1090-JOB-DA-002,CAND-1090,JOB-DA-002,2025-10-17,Referral,offer
APP-CAND-1090-JOB-GENAI-001,CAND-1090,JOB-GENAI-001,2026-01-15,Company Site,applied
APP-CAND-1091-JOB-DA-001,CAND-1091,JOB-DA-001,2025-12-29,Company Site,offer
APP-CAND-1091-JOB-DA-002,CAND-1091,JOB-DA-002,2025-12-30,Recruiter,interview
APP-CAND-1091-JOB-FE-001,CAND-1091,JOB-FE-001,2025-11-30,Company Site,rejected
APP-CAND-1092-JOB-GENAI-001,CAND-1092,JOB-GENAI-001,2026-01-23,Indeed,interview
APP-CAND-1093-JOB-DA-001,CAND-1093,JOB-DA-001,2025-10-21,Company Site,rejected
APP-CAND-1094-JOB-ML-001,CAND-1094,JOB-ML-001,2025-11-21,Referral,applied
APP-CAND-1094-JOB-ML-002,CAND-1094,JOB-ML-002,2025-10-25,Referral,rejected
APP-CAND-1094-JOB-FE-001,CAND-1094,JOB-FE-001,2026-01-03,Referral,rejected
APP-CAND-1095-JOB-GENAI-002,CAND-1095,JOB-GENAI-002,2025-12-26,Indeed,rejected
APP-CAND-1096-JOB-ML-001,CAND-1096,JOB-ML-001,2025-11-20,Referral,rejected
APP-CAND-1096-JOB-DA-001,CAND-1096,JOB-DA-001,2025-12-11,Referral,offer
APP-CAND-1096-JOB-DA-002,CAND-1096,JOB-DA-002,2025-10-19,Recruiter,applied
APP-CAND-1096-JOB-ML-002,CAND-1096,JOB-ML-002,2025-11-17,LinkedIn,interview
APP-CAND-1097-JOB-BE-001,CAND-1097,JOB-BE-001,2026-01-06,Indeed,applied
APP-CAND-1097-JOB-BE-002,CAND-1097,JOB-BE-002,2025-11-19,Referral,interview
APP-CAND-1098-JOB-DA-001,CAND-1098,JOB-DA-001,2025-10-18,Referral,rejected
APP-CAND-1098-JOB-GENAI-001,CAND-1098,JOB-GENAI-001,2026-01-03,LinkedIn,screen
APP-CAND-1098-JOB-BE-001,CAND-1098,JOB-BE-001,2026-01-12,Referral,rejected
APP-CAND-1098-JOB-BE-002,CAND-1098,JOB-BE-002,2025-11-05,Indeed,offer
APP-CAND-1099-JOB-ML-001,CAND-1099,JOB-ML-001,2025-11-27,Indeed,offer
APP-CAND-1099-JOB-BE-001,CAND-1099,JOB-BE-001,2026-02-10,Company Site,offer
APP-CAND-1099-JOB-ML-002,CAND-1099,JOB-ML-002,2025-11-26,Company Site,offer
APP-CAND-1099-JOB-GENAI-001,CAND-1099,JOB-GENAI-001,2025-11-22,Referral,interview
APP-CAND-1100-JOB-BE-001,CAND-1100,JOB-BE-001,2025-11-18,Referral,interview
APP-CAND-1100-JOB-ML-001,CAND-1100,JOB-ML-001,2025-12-06,Recruiter,rejected
APP-CAND-1100-JOB-FE-002,CAND-1100,JOB-FE-002,2025-11-02,Recruiter,interview
APP-CAND-1100-JOB-BE-002,CAND-1100,JOB-BE-002,2026-01-12,Company Site,offer
APP-CAND-1100-JOB-ML-002,CAND-1100,JOB-ML-002,2025-10-14,Company Site,interview
APP-CAND-1101-JOB-DA-002,CAND-1101,JOB-DA-002,2025-12-15,Company Site,offer
APP-CAND-1101-JOB-GENAI-002,CAND-1101,JOB-GENAI-002,2025-11-30,Recruiter,offer
APP-CAND-1102-JOB-ML-002,CAND-1102,JOB-ML-002,2026-02-03,Recruiter,interview
APP-CAND-1103-JOB-DA-001,CAND-1103,JOB-DA-001,2025-10-29,Referral,screen
APP-CAND-1103-JOB-ML-002,CAND-1103,JOB-ML-002,2025-11-18,Company Site,interview
APP-CAND-1104-JOB-FE-002,CAND-1104,JOB-FE-002,2025-12-08,Recruiter,interview
APP-CAND-1104-JOB-BE-001,CAND-1104,JOB-BE-001,2026-01-28,LinkedIn,screen
APP-CAND-1104-JOB-BE-002,CAND-1104,JOB-BE-002,2026-01-21,Company Site,offer
APP-CAND-1105-JOB-DA-002,CAND-1105,JOB-DA-002,2025-10-24,Company Site,offer
APP-CAND-1105-JOB-DA-001,CAND-1105,JOB-DA-001,2025-11-07,Referral,screen
APP-CAND-1105-JOB-GENAI-002,CAND-1105,JOB-GENAI-002,2025-12-31,Recruiter,screen
APP-CAND-1105-JOB-ML-001,CAND-1105,JOB-ML-001,2025-12-14,Company Site,interview
APP-CAND-1105-JOB-GENAI-001,CAND-1105,JOB-GENAI-001,2026-01-16,Company Site,interview
APP-CAND-1106-JOB-DA-002,CAND-1106,JOB-DA-002,2025-10-29,Company Site,offer
APP-CAND-1106-JOB-GENAI-002,CAND-1106,JOB-GENAI-002,2025-12-15,Referral,interview
APP-CAND-1106-JOB-ML-001,CAND-1106,JOB-ML-001,2026-02-01,Referral,rejected
APP-CAND-1106-JOB-BE-002,CAND-1106,JOB-BE-002,2025-12-29,Recruiter,rejected
APP-CAND-1106-JOB-ML-002,CAND-1106,JOB-ML-002,2025-11-03,Recruiter,applied
APP-CAND-1107-JOB-FE-002,CAND-1107,JOB-FE-002,2025-12-28,LinkedIn,interview
APP-CAND-1107-JOB-DA-001,CAND-1107,JOB-DA-001,2025-10-22,Company Site,screen
APP-CAND-1107-JOB-DA-002,CAND-1107,JOB-DA-002,2025-11-18,Referral,screen
APP-CAND-1107-JOB-BE-002,CAND-1107,JOB-BE-002,2026-01-03,Referral,offer
APP-CAND-1108-JOB-DA-001,CAND-1108,JOB-DA-001,2026-01-24,Recruiter,applied
APP-CAND-1108-JOB-BE-001,CAND-1108,JOB-BE-001,2025-10-27,Recruiter,applied
APP-CAND-1108-JOB-GENAI-001,CAND-1108,JOB-GENAI-001,2025-12-16,Referral,offer
APP-CAND-1109-JOB-BE-002,CAND-1109,JOB-BE-002,2025-12-16,Recruiter,screen
APP-CAND-1110-JOB-GENAI-002,CAND-1110,JOB-GENAI-002,2026-01-30,Referral,rejected
APP-CAND-1110-JOB-GENAI-001,CAND-1110,JOB-GENAI-001,2025-10-17,Indeed,rejected
APP-CAND-1111-JOB-GENAI-001,CAND-1111,JOB-GENAI-001,2025-11-06,Referral,applied
APP-CAND-1112-JOB-ML-001,CAND-1112,JOB-ML-001,2025-12-26,Recruiter,interview
APP-CAND-1112-JOB-GENAI-002,CAND-1112,JOB-GENAI-002,2025-12-07,LinkedIn,offer
APP-CAND-1112-JOB-ML-002,CAND-1112,JOB-ML-002,2026-02-08,LinkedIn,offer
APP-CAND-1112-JOB-BE-002,CAND-1112,JOB-BE-002,2025-10-31,Recruiter,offer
APP-CAND-1113-JOB-GENAI-002,CAND-1113,JOB-GENAI-002,2025-12-26,Company Site,applied
APP-CAND-1114-JOB-FE-001,CAND-1114,JOB-FE-001,2025-11-09,Company Site,applied
APP-CAND-1114-JOB-DA-001,CAND-1114,JOB-DA-001,2026-01-23,Referral,screen
APP-CAND-1114-JOB-BE-001,CAND-1114,JOB-BE-001,2025-11-30,LinkedIn,screen
APP-CAND-1114-JOB-BE-002,CAND-1114,JOB-BE-002,2025-12-06,Referral,screen
APP-CAND-1115-JOB-ML-001,CAND-1115,JOB-ML-001,2026-01-19,Referral,rejected
APP-CAND-1115-JOB-DA-002,CAND-1115,JOB-DA-002,2026-01-22,Referral,interview
APP-CAND-1115-JOB-ML-002,CAND-1115,JOB-ML-002,2025-10-21,LinkedIn,screen
APP-CAND-1115-JOB-FE-001,CAND-1115,JOB-FE-001,2026-02-07,Recruiter,screen
APP-CAND-1116-JOB-DA-001,CAND-1116,JOB-DA-001,2026-02-07,Recruiter,applied
APP-CAND-1116-JOB-DA-002,CAND-1116,JOB-DA-002,2025-11-08,Referral,offer
APP-CAND-1116-JOB-GENAI-002,CAND-1116,JOB-GENAI-002,2026-02-05,Indeed,offer
APP-CAND-1117-JOB-GENAI-001,CAND-1117,JOB-GENAI-001,2026-01-13,LinkedIn,applied
APP-CAND-1117-JOB-ML-001,CAND-1117,JOB-ML-001,2025-11-11,Recruiter,interview
APP-CAND-1117-JOB-FE-002,CAND-1117,JOB-FE-002,2025-10-20,Indeed,applied
APP-CAND-1117-JOB-BE-002,CAND-1117,JOB-BE-002,2026-01-10,Referral,interview
APP-CAND-1117-JOB-FE-001,CAND-1117,JOB-FE-001,2026-01-18,Company Site,interview
APP-CAND-1118-JOB-ML-001,CAND-1118,JOB-ML-001,2025-11-22,LinkedIn,screen
APP-CAND-1118-JOB-FE-002,CAND-1118,JOB-FE-002,2026-01-18,LinkedIn,screen
APP-CAND-1118-JOB-DA-002,CAND-1118,JOB-DA-002,2025-11-21,LinkedIn,screen
APP-CAND-1118-JOB-FE-001,CAND-1118,JOB-FE-001,2026-01-21,Recruiter,interview
APP-CAND-1119-JOB-BE-002,CAND-1119,JOB-BE-002,2025-12-11,Company Site,screen
APP-CAND-1120-JOB-GENAI-002,CAND-1120,JOB-GENAI-002,2026-01-09,Company Site,offer
APP-CAND-1120-JOB-ML-001,CAND-1120,JOB-ML-001,2025-11-04,Indeed,offer
APP-CAND-1120-JOB-FE-002,CAND-1120,JOB-FE-002,2025-11-18,LinkedIn,interview
APP-CAND-1120-JOB-BE-002,CAND-1120,JOB-BE-002,2025-11-05,Indeed,interview
APP-CAND-1120-JOB-FE-001,CAND-1120,JOB-FE-001,2026-02-02,Company Site,offer
APP-CAND-1121-JOB-FE-001,CAND-1121,JOB-FE-001,2026-01-29,Referral,offer
APP-CAND-1122-JOB-ML-001,CAND-1122,JOB-ML-001,2025-12-02,Company Site,screen
APP-CAND-1123-JOB-ML-001,CAND-1123,JOB-ML-001,2026-01-18,Recruiter,rejected
APP-CAND-1123-JOB-ML-002,CAND-1123,JOB-ML-002,2026-01-17,Referral,screen
APP-CAND-1123-JOB-BE-002,CAND-1123,JOB-BE-002,2025-11-03,LinkedIn,screen
APP-CAND-1124-JOB-ML-001,CAND-1124,JOB-ML-001,2025-12-03,Indeed,offer
APP-CAND-1124-JOB-GENAI-002,CAND-1124,JOB-GENAI-002,2025-10-24,Referral,interview
APP-CAND-1124-JOB-BE-001,CAND-1124,JOB-BE-001,2026-02-04,Recruiter,interview
APP-CAND-1125-JOB-FE-001,CAND-1125,JOB-FE-001,2026-02-03,Recruiter,screen
APP-CAND-1125-JOB-BE-001,CAND-1125,JOB-BE-001,2026-01-23,Recruiter,screen
APP-CAND-1125-JOB-ML-002,CAND-1125,JOB-ML-002,2025-11-05,Referral,offer
APP-CAND-1125-JOB-BE-002,CAND-1125,JOB-BE-002,2025-11-02,Referral,offer
APP-CAND-1126-JOB-ML-001,CAND-1126,JOB-ML-001,2025-12-24,Company Site,applied
APP-CAND-1126-JOB-FE-002,CAND-1126,JOB-FE-002,2025-11-22,Recruiter,offer
APP-CAND-1126-JOB-DA-001,CAND-1126,JOB-DA-001,2025-11-28,Referral,offer
APP-CAND-1126-JOB-ML-002,CAND-1126,JOB-ML-002,2025-11-05,Company Site,screen
APP-CAND-1127-JOB-DA-002,CAND-1127,JOB-DA-002,2026-02-09,LinkedIn,offer
APP-CAND-1127-JOB-GENAI-001,CAND-1127,JOB-GENAI-001,2026-01-10,Indeed,offer
APP-CAND-1127-JOB-FE-002,CAND-1127,JOB-FE-002,2026-01-13,Indeed,offer
APP-CAND-1127-JOB-BE-002,CAND-1127,JOB-BE-002,2025-11-17,Company Site,applied
APP-CAND-1127-JOB-FE-001,CAND-1127,JOB-FE-001,2025-11-03,Recruiter,rejected
APP-CAND-1128-JOB-DA-002,CAND-1128,JOB-DA-002,2025-11-17,LinkedIn,screen
APP-CAND-1128-JOB-BE-001,CAND-1128,JOB-BE-001,2025-11-30,Referral,applied
APP-CAND-1128-JOB-DA-001,CAND-1128,JOB-DA-001,2025-11-22,Company Site,applied
APP-CAND-1128-JOB-FE-002,CAND-1128,JOB-FE-002,2026-01-04,Recruiter,applied
APP-CAND-1128-JOB-FE-001,CAND-1128,JOB-FE-001,2025-11-09,Recruiter,interview
APP-CAND-1129-JOB-ML-001,CAND-1129,JOB-ML-001,2025-11-03,Referral,offer
APP-CAND-1129-JOB-GENAI-002,CAND-1129,JOB-GENAI-002,2025-10-24,LinkedIn,interview
APP-CAND-1129-JOB-ML-002,CAND-1129,JOB-ML-002,2025-12-27,Indeed,rejected
APP-CAND-1130-JOB-FE-002,CAND-1130,JOB-FE-002,2025-10-16,LinkedIn,offer
APP-CAND-1130-JOB-GENAI-001,CAND-1130,JOB-GENAI-001,2026-01-01,Indeed,offer
APP-CAND-1131-JOB-ML-001,CAND-1131,JOB-ML-001,2026-01-20,Company Site,applied
APP-CAND-1131-JOB-BE-002,CAND-1131,JOB-BE-002,2026-01-27,Referral,rejected
APP-CAND-1132-JOB-GENAI-002,CAND-1132,JOB-GENAI-002,2026-01-16,LinkedIn,applied
APP-CAND-1132-JOB-GENAI-001,CAND-1132,JOB-GENAI-001,2025-11-11,Indeed,offer
APP-CAND-1132-JOB-BE-002,CAND-1132,JOB-BE-002,2025-10-24,Company Site,screen
APP-CAND-1133-JOB-FE-002,CAND-1133,JOB-FE-002,2026-01-10,Referral,offer
APP-CAND-1133-JOB-BE-001,CAND-1133,JOB-BE-001,2025-11-20,Referral,screen
APP-CAND-1133-JOB-FE-001,CAND-1133,JOB-FE-001,2026-02-09,Company Site,screen
APP-CAND-1134-JOB-BE-002,CAND-1134,JOB-BE-002,2025-10-26,Recruiter,offer
APP-CAND-1135-JOB-DA-002,CAND-1135,JOB-DA-002,2026-01-01,Indeed,interview
APP-CAND-1135-JOB-BE-001,CAND-1135,JOB-BE-001,2026-02-01,Referral,interview
APP-CAND-1135-JOB-DA-001,CAND-1135,JOB-DA-001,2025-10-23,Referral,rejected
APP-CAND-1135-JOB-GENAI-002,CAND-1135,JOB-GENAI-002,2025-11-28,Referral,applied
APP-CAND-1135-JOB-FE-001,CAND-1135,JOB-FE-001,2025-10-16,Indeed,offer
APP-CAND-1136-JOB-BE-001,CAND-1136,JOB-BE-001,2025-10-22,Referral,applied
APP-CAND-1136-JOB-GENAI-002,CAND-1136,JOB-GENAI-002,2025-11-15,Company Site,applied
APP-CAND-1136-JOB-GENAI-001,CAND-1136,JOB-GENAI-001,2025-11-10,Company Site,rejected
APP-CAND-1136-JOB-BE-002,CAND-1136,JOB-BE-002,2026-01-09,LinkedIn,rejected
APP-CAND-1136-JOB-ML-002,CAND-1136,JOB-ML-002,2025-12-10,Recruiter,screen
APP-CAND-1137-JOB-FE-002,CAND-1137,JOB-FE-002,2025-11-19,Recruiter,applied
APP-CAND-1137-JOB-DA-001,CAND-1137,JOB-DA-001,2025-12-30,LinkedIn,applied
APP-CAND-1137-JOB-BE-001,CAND-1137,JOB-BE-001,2025-12-21,Indeed,offer
APP-CAND-1137-JOB-FE-001,CAND-1137,JOB-FE-001,2025-10-30,Recruiter,offer
APP-CAND-1138-JOB-ML-001,CAND-1138,JOB-ML-001,2025-10-22,Referral,rejected
APP-CAND-1138-JOB-DA-001,CAND-1138,JOB-DA-001,2025-12-25,Indeed,screen
APP-CAND-1138-JOB-ML-002,CAND-1138,JOB-ML-002,2025-10-19,Recruiter,screen
APP-CAND-1138-JOB-GENAI-001,CAND-1138,JOB-GENAI-001,2025-12-08,Referral,offer
APP-CAND-1139-JOB-DA-001,CAND-1139,JOB-DA-001,2025-10-14,Indeed,applied
APP-CAND-1140-JOB-DA-001,CAND-1140,JOB-DA-001,2026-01-17,Indeed,screen
APP-CAND-1140-JOB-DA-002,CAND-1140,JOB-DA-002,2025-11-24,Company Site,offer
APP-CAND-1140-JOB-ML-002,CAND-1140,JOB-ML-002,2025-10-15,Indeed,offer
APP-CAND-1141-JOB-ML-002,CAND-1141,JOB-ML-002,2026-01-29,Indeed,applied
APP-CAND-1141-JOB-FE-002,CAND-1141,JOB-FE-002,2025-11-18,Company Site,rejected
APP-CAND-1141-JOB-BE-001,CAND-1141,JOB-BE-001,2025-11-30,Indeed,rejected
APP-CAND-1141-JOB-BE-002,CAND-1141,JOB-BE-002,2025-12-06,Recruiter,rejected
APP-CAND-1142-JOB-FE-002,CAND-1142,JOB-FE-002,2025-10-13,Recruiter,offer
APP-CAND-1142-JOB-FE-001,CAND-1142,JOB-FE-001,2025-12-17,Recruiter,applied
APP-CAND-1143-JOB-FE-002,CAND-1143,JOB-FE-002,2026-01-17,Company Site,rejected
APP-CAND-1143-JOB-DA-001,CAND-1143,JOB-DA-001,2026-02-04,Recruiter,rejected
APP-CAND-1143-JOB-DA-002,CAND-1143,JOB-DA-002,2025-12-05,Referral,rejected
APP-CAND-1143-JOB-FE-001,CAND-1143,JOB-FE-001,2025-12-25,LinkedIn,screen
APP-CAND-1144-JOB-DA-002,CAND-1144,JOB-DA-002,2026-01-18,Referral,interview
APP-CAND-1145-JOB-ML-001,CAND-1145,JOB-ML-001,2025-12-09,Referral,rejected
APP-CAND-1146-JOB-DA-002,CAND-1146,JOB-DA-002,2025-10-25,Recruiter,screen
APP-CAND-1146-JOB-DA-001,CAND-1146,JOB-DA-001,2026-01-25,Indeed,applied
APP-CAND-1146-JOB-GENAI-002,CAND-1146,JOB-GENAI-002,2025-12-12,Recruiter,applied
APP-CAND-1146-JOB-BE-002,CAND-1146,JOB-BE-002,2026-01-27,Referral,applied
APP-CAND-1146-JOB-ML-002,CAND-1146,JOB-ML-002,2025-10-27,Recruiter,screen
APP-CAND-1147-JOB-FE-001,CAND-1147,JOB-FE-001,2026-01-11,Recruiter,rejected
APP-CAND-1148-JOB-FE-002,CAND-1148,JOB-FE-002,2025-11-18,Indeed,screen
APP-CAND-1148-JOB-ML-002,CAND-1148,JOB-ML-002,2025-11-04,Referral,interview
APP-CAND-1148-JOB-FE-001,CAND-1148,JOB-FE-001,2026-02-05,Indeed,applied
APP-CAND-1149-JOB-DA-002,CAND-1149,JOB-DA-002,2025-10-16,Referral,interview
APP-CAND-1149-JOB-FE-001,CAND-1149,JOB-FE-001,2025-12-13,Referral,applied
APP-CAND-1150-JOB-ML-001,CAND-1150,JOB-ML-001,2026-02-10,Recruiter,applied
APP-CAND-1150-JOB-GENAI-002,CAND-1150,JOB-GENAI-002,2025-11-30,LinkedIn,offer
APP-CAND-1150-JOB-ML-002,CAND-1150,JOB-ML-002,2025-11-04,Indeed,applied
APP-CAND-1150-JOB-BE-001,CAND-1150,JOB-BE-001,2025-10-24,Referral,applied
APP-CAND-1151-JOB-DA-002,CAND-1151,JOB-DA-002,2025-10-23,Recruiter,interview
APP-CAND-1151-JOB-GENAI-002,CAND-1151,JOB-GENAI-002,2025-11-20,Company Site,screen
APP-CAND-1151-JOB-ML-001,CAND-1151,JOB-ML-001,2025-12-22,Referral,offer
APP-CAND-1151-JOB-BE-002,CAND-1151,JOB-BE-002,2026-01-28,Indeed,offer
APP-CAND-1151-JOB-ML-002,CAND-1151,JOB-ML-002,2026-01-03,Indeed,offer
APP-CAND-1152-JOB-GENAI-001,CAND-1152,JOB-GENAI-001,2026-01-14,Company Site,rejected
APP-CAND-1153-JOB-FE-002,CAND-1153,JOB-FE-002,2026-01-18,Recruiter,applied
APP-CAND-1153-JOB-DA-002,CAND-1153,JOB-DA-002,2025-11-14,Referral,offer
APP-CAND-1154-JOB-DA-001,CAND-1154,JOB-DA-001,2025-11-23,Company Site,rejected
APP-CAND-1154-JOB-GENAI-002,CAND-1154,JOB-GENAI-002,2025-10-18,Recruiter,offer
APP-CAND-1154-JOB-FE-002,CAND-1154,JOB-FE-002,2025-12-29,Referral,interview
APP-CAND-1154-JOB-FE-001,CAND-1154,JOB-FE-001,2026-01-03,LinkedIn,rejected
APP-CAND-1154-JOB-ML-002,CAND-1154,JOB-ML-002,2026-01-21,Referral,screen
APP-CAND-1155-JOB-ML-001,CAND-1155,JOB-ML-001,2025-11-06,LinkedIn,screen
APP-CAND-1155-JOB-GENAI-001,CAND-1155,JOB-GENAI-001,2025-10-21,Recruiter,offer
APP-CAND-1155-JOB-BE-001,CAND-1155,JOB-BE-001,2025-12-24,Recruiter,screen
APP-CAND-1155-JOB-BE-002,CAND-1155,JOB-BE-002,2025-11-04,LinkedIn,rejected
APP-CAND-1156-JOB-FE-002,CAND-1156,JOB-FE-002,2025-12-28,Company Site,applied
APP-CAND-1156-JOB-GENAI-002,CAND-1156,JOB-GENAI-002,2025-10-20,Company Site,applied
APP-CAND-1156-JOB-GENAI-001,CAND-1156,JOB-GENAI-001,2026-01-19,Referral,rejected
APP-CAND-1157-JOB-GENAI-001,CAND-1157,JOB-GENAI-001,2025-11-21,Company Site,interview
APP-CAND-1157-JOB-BE-001,CAND-1157,JOB-BE-001,2025-11-11,LinkedIn,interview
APP-CAND-1157-JOB-BE-002,CAND-1157,JOB-BE-002,2025-11-25,Recruiter,applied
APP-CAND-1158-JOB-DA-002,CAND-1158,JOB-DA-002,2025-12-15,Recruiter,interview
APP-CAND-1158-JOB-BE-001,CAND-1158,JOB-BE-001,2026-02-05,Company Site,offer
APP-CAND-1158-JOB-DA-001,CAND-1158,JOB-DA-001,2025-11-18,LinkedIn,interview
APP-CAND-1158-JOB-GENAI-002,CAND-1158,JOB-GENAI-002,2025-12-02,LinkedIn,screen
APP-CAND-1158-JOB-FE-001,CAND-1158,JOB-FE-001,2025-10-22,Indeed,applied
APP-CAND-1159-JOB-DA-002,CAND-1159,JOB-DA-002,2025-10-30,Company Site,rejected
APP-CAND-1159-JOB-GENAI-001,CAND-1159,JOB-GENAI-001,2025-10-19,LinkedIn,applied
APP-CAND-1159-JOB-FE-002,CAND-1159,JOB-FE-002,2025-10-30,Referral,applied
APP-CAND-1159-JOB-BE-002,CAND-1159,JOB-BE-002,2026-01-10,LinkedIn,screen
APP-CAND-1159-JOB-FE-001,CAND-1159,JOB-FE-001,2025-12-25,LinkedIn,screen
APP-CAND-1160-JOB-DA-002,CAND-1160,JOB-DA-002,2025-11-22,Company Site,applied
APP-CAND-1160-JOB-DA-001,CAND-1160,JOB-DA-001,2025-11-24,LinkedIn,applied
APP-CAND-1160-JOB-GENAI-002,CAND-1160,JOB-GENAI-002,2025-11-12,Referral,screen
APP-CAND-1160-JOB-FE-002,CAND-1160,JOB-FE-002,2025-10-16,LinkedIn,screen
APP-CAND-1160-JOB-GENAI-001,CAND-1160,JOB-GENAI-001,2026-01-30,LinkedIn,applied
APP-CAND-1161-JOB-ML-002,CAND-1161,JOB-ML-002,2025-12-03,Referral,screen
APP-CAND-1161-JOB-GENAI-002,CAND-1161,JOB-GENAI-002,2025-11-27,Referral,applied
APP-CAND-1161-JOB-BE-001,CAND-1161,JOB-BE-001,2025-11-14,Company Site,offer
APP-CAND-1161-JOB-BE-002,CAND-1161,JOB-BE-002,2025-12-13,Recruiter,interview
APP-CAND-1162-JOB-DA-001,CAND-1162,JOB-DA-001,2025-12-24,Referral,offer
APP-CAND-1162-JOB-DA-002,CAND-1162,JOB-DA-002,2025-12-26,LinkedIn,offer
APP-CAND-1162-JOB-ML-002,CAND-1162,JOB-ML-002,2025-11-01,Referral,screen
APP-CAND-1162-JOB-GENAI-002,CAND-1162,JOB-GENAI-002,2025-11-27,Referral,screen
APP-CAND-1163-JOB-GENAI-001,CAND-1163,JOB-GENAI-001,2025-12-22,Recruiter,screen
APP-CAND-1164-JOB-DA-001,CAND-1164,JOB-DA-001,2025-12-10,Indeed,offer
APP-CAND-1164-JOB-DA-002,CAND-1164,JOB-DA-002,2025-12-17,Recruiter,screen
APP-CAND-1164-JOB-BE-002,CAND-1164,JOB-BE-002,2025-12-10,LinkedIn,interview
APP-CAND-1165-JOB-ML-001,CAND-1165,JOB-ML-001,2025-12-31,Recruiter,rejected
APP-CAND-1166-JOB-FE-002,CAND-1166,JOB-FE-002,2025-12-10,LinkedIn,interview
APP-CAND-1166-JOB-DA-002,CAND-1166,JOB-DA-002,2025-11-22,Referral,interview
APP-CAND-1166-JOB-FE-001,CAND-1166,JOB-FE-001,2025-11-22,Company Site,rejected
APP-CAND-1167-JOB-ML-001,CAND-1167,JOB-ML-001,2025-10-17,Referral,rejected
APP-CAND-1167-JOB-FE-002,CAND-1167,JOB-FE-002,2025-11-24,Referral,screen
APP-CAND-1167-JOB-BE-001,CAND-1167,JOB-BE-001,2025-12-10,Indeed,offer
APP-CAND-1167-JOB-BE-002,CAND-1167,JOB-BE-002,2025-10-20,LinkedIn,interview
APP-CAND-1168-JOB-DA-001,CAND-1168,JOB-DA-001,2026-01-01,Indeed,rejected
APP-CAND-1168-JOB-GENAI-002,CAND-1168,JOB-GENAI-002,2026-01-16,Referral,rejected
APP-CAND-1168-JOB-GENAI-001,CAND-1168,JOB-GENAI-001,2025-11-25,LinkedIn,interview
APP-CAND-1168-JOB-FE-001,CAND-1168,JOB-FE-001,2025-11-09,LinkedIn,screen
APP-CAND-1168-JOB-ML-002,CAND-1168,JOB-ML-002,2025-12-05,Indeed,interview
APP-CAND-1169-JOB-ML-001,CAND-1169,JOB-ML-001,2026-01-03,Company Site,screen
APP-CAND-1169-JOB-ML-002,CAND-1169,JOB-ML-002,2026-01-23,Company Site,applied
APP-CAND-1170-JOB-ML-002,CAND-1170,JOB-ML-002,2026-01-31,Company Site,offer
APP-CAND-1171-JOB-ML-001,CAND-1171,JOB-ML-001,2025-11-26,Recruiter,interview
APP-CAND-1171-JOB-ML-002,CAND-1171,JOB-ML-002,2026-01-28,Company Site,offer
APP-CAND-1172-JOB-GENAI-002,CAND-1172,JOB-GENAI-002,2025-12-02,Recruiter,interview
APP-CAND-1172-JOB-ML-002,CAND-1172,JOB-ML-002,2026-01-23,Company Site,offer
APP-CAND-1172-JOB-GENAI-001,CAND-1172,JOB-GENAI-001,2025-12-02,LinkedIn,offer
APP-CAND-1173-JOB-FE-002,CAND-1173,JOB-FE-002,2025-11-10,Referral,offer
APP-CAND-1173-JOB-DA-001,CAND-1173,JOB-DA-001,2026-02-02,LinkedIn,screen
APP-CAND-1173-JOB-FE-001,CAND-1173,JOB-FE-001,2026-01-22,LinkedIn,rejected
APP-CAND-1174-JOB-DA-001,CAND-1174,JOB-DA-001,2025-12-27,Company Site,applied
APP-CAND-1174-JOB-DA-002,CAND-1174,JOB-DA-002,2025-12-20,Company Site,applied
APP-CAND-1175-JOB-ML-001,CAND-1175,JOB-ML-001,2025-12-08,Company Site,interview
APP-CAND-1175-JOB-DA-001,CAND-1175,JOB-DA-001,2025-12-23,Recruiter,applied
APP-CAND-1175-JOB-DA-002,CAND-1175,JOB-DA-002,2025-12-07,Company Site,offer
APP-CAND-1175-JOB-ML-002,CAND-1175,JOB-ML-002,2026-02-07,Recruiter,rejected
APP-CAND-1176-JOB-BE-001,CAND-1176,JOB-BE-001,2026-01-16,Indeed,applied
APP-CAND-1177-JOB-ML-001,CAND-1177,JOB-ML-001,2025-12-07,Referral,offer
APP-CAND-1177-JOB-ML-002,CAND-1177,JOB-ML-002,2026-01-14,Referral,rejected
APP-CAND-1178-JOB-ML-002,CAND-1178,JOB-ML-002,2026-01-07,Indeed,interview
APP-CAND-1179-JOB-DA-002,CAND-1179,JOB-DA-002,2026-01-16,Indeed,interview
APP-CAND-1179-JOB-BE-001,CAND-1179,JOB-BE-001,2025-10-27,Referral,rejected
APP-CAND-1179-JOB-GENAI-002,CAND-1179,JOB-GENAI-002,2025-10-29,Company Site,interview
APP-CAND-1179-JOB-GENAI-001,CAND-1179,JOB-GENAI-001,2025-12-13,LinkedIn,screen
APP-CAND-1179-JOB-FE-001,CAND-1179,JOB-FE-001,2025-11-30,Company Site,screen
APP-CAND-1180-JOB-BE-001,CAND-1180,JOB-BE-001,2026-02-01,Indeed,applied
APP-CAND-1180-JOB-GENAI-002,CAND-1180,JOB-GENAI-002,2025-10-20,LinkedIn,applied
APP-CAND-1180-JOB-ML-001,CAND-1180,JOB-ML-001,2025-11-23,LinkedIn,applied
APP-CAND-1180-JOB-FE-002,CAND-1180,JOB-FE-002,2026-01-06,LinkedIn,interview
APP-CAND-1180-JOB-ML-002,CAND-1180,JOB-ML-002,2025-12-16,Recruiter,rejected
APP-CAND-1181-JOB-ML-001,CAND-1181,JOB-ML-001,2025-11-08,Company Site,applied
APP-CAND-1181-JOB-ML-002,CAND-1181,JOB-ML-002,2026-01-06,Recruiter,applied
APP-CAND-1182-JOB-DA-001,CAND-1182,JOB-DA-001,2025-10-14,Referral,applied
APP-CAND-1182-JOB-DA-002,CAND-1182,JOB-DA-002,2025-10-16,LinkedIn,offer
APP-CAND-1182-JOB-FE-001,CAND-1182,JOB-FE-001,2026-01-19,LinkedIn,applied
APP-CAND-1183-JOB-ML-001,CAND-1183,JOB-ML-001,2025-12-14,Indeed,rejected
APP-CAND-1184-JOB-DA-002,CAND-1184,JOB-DA-002,2026-01-19,LinkedIn,rejected
APP-CAND-1184-JOB-BE-001,CAND-1184,JOB-BE-001,2025-10-19,LinkedIn,applied
APP-CAND-1184-JOB-BE-002,CAND-1184,JOB-BE-002,2025-11-04,Company Site,interview
APP-CAND-1185-JOB-DA-001,CAND-1185,JOB-DA-001,2025-12-01,Recruiter,screen
APP-CAND-1185-JOB-GENAI-002,CAND-1185,JOB-GENAI-002,2025-11-11,LinkedIn,interview
APP-CAND-1185-JOB-DA-002,CAND-1185,JOB-DA-002,2025-12-26,LinkedIn,rejected
APP-CAND-1185-JOB-GENAI-001,CAND-1185,JOB-GENAI-001,2025-12-25,Recruiter,offer
APP-CAND-1186-JOB-DA-002,CAND-1186,JOB-DA-002,2025-11-16,Indeed,offer
APP-CAND-1186-JOB-DA-001,CAND-1186,JOB-DA-001,2025-12-26,Recruiter,applied
APP-CAND-1186-JOB-ML-001,CAND-1186,JOB-ML-001,2025-11-25,Company Site,screen
APP-CAND-1186-JOB-BE-002,CAND-1186,JOB-BE-002,2025-12-30,Company Site,offer
APP-CAND-1186-JOB-ML-002,CAND-1186,JOB-ML-002,2025-12-15,Indeed,screen
APP-CAND-1187-JOB-DA-002,CAND-1187,JOB-DA-002,2025-12-08,Referral,rejected
APP-CAND-1188-JOB-ML-001,CAND-1188,JOB-ML-001,2026-01-31,Recruiter,applied
APP-CAND-1188-JOB-FE-002,CAND-1188,JOB-FE-002,2025-12-08,Indeed,applied
APP-CAND-1188-JOB-DA-002,CAND-1188,JOB-DA-002,2025-12-06,LinkedIn,rejected
APP-CAND-1189-JOB-BE-002,CAND-1189,JOB-BE-002,2025-10-14,Indeed,screen
APP-CAND-1190-JOB-GENAI-002,CAND-1190,JOB-GENAI-002,2026-01-13,Recruiter,screen
APP-CAND-1190-JOB-GENAI-001,CAND-1190,JOB-GENAI-001,2025-10-27,Referral,applied
APP-CAND-1191-JOB-DA-002,CAND-1191,JOB-DA-002,2026-02-07,Recruiter,applied
APP-CAND-1191-JOB-BE-001,CAND-1191,JOB-BE-001,2025-12-10,LinkedIn,offer
APP-CAND-1191-JOB-DA-001,CAND-1191,JOB-DA-001,2026-01-09,Indeed,applied
APP-CAND-1191-JOB-GENAI-001,CAND-1191,JOB-GENAI-001,2026-01-31,Referral,applied
APP-CAND-1191-JOB-ML-002,CAND-1191,JOB-ML-002,2025-12-14,Recruiter,interview
APP-CAND-1192-JOB-ML-001,CAND-1192,JOB-ML-001,2025-11-27,LinkedIn,rejected
APP-CAND-1192-JOB-ML-002,CAND-1192,JOB-ML-002,2025-12-16,LinkedIn,rejected
APP-CAND-1193-JOB-GENAI-002,CAND-1193,JOB-GENAI-002,2025-11-19,LinkedIn,interview
APP-CAND-1193-JOB-BE-002,CAND-1193,JOB-BE-002,2025-11-28,LinkedIn,rejected
APP-CAND-1194-JOB-ML-001,CAND-1194,JOB-ML-001,2025-12-18,LinkedIn,screen
APP-CAND-1194-JOB-DA-001,CAND-1194,JOB-DA-001,2025-10-26,LinkedIn,screen
APP-CAND-1194-JOB-ML-002,CAND-1194,JOB-ML-002,2025-12-11,Recruiter,screen
APP-CAND-1194-JOB-FE-001,CAND-1194,JOB-FE-001,2026-02-10,Recruiter,screen
APP-CAND-1195-JOB-ML-001,CAND-1195,JOB-ML-001,2026-01-26,LinkedIn,screen
APP-CAND-1195-JOB-GENAI-002,CAND-1195,JOB-GENAI-002,2026-01-30,Indeed,screen
APP-CAND-1195-JOB-DA-002,CAND-1195,JOB-DA-002,2025-11-17,Referral,offer
APP-CAND-1195-JOB-GENAI-001,CAND-1195,JOB-GENAI-001,2025-11-18,Indeed,interview
APP-CAND-1196-JOB-BE-001,CAND-1196,JOB-BE-001,2025-10-13,Referral,interview
APP-CAND-1196-JOB-GENAI-002,CAND-1196,JOB-GENAI-002,2025-12-20,LinkedIn,offer
APP-CAND-1196-JOB-ML-001,CAND-1196,JOB-ML-001,2026-02-05,Company Site,offer
APP-CAND-1196-JOB-GENAI-001,CAND-1196,JOB-GENAI-001,2026-02-07,Referral,interview
APP-CAND-1196-JOB-BE-002,CAND-1196,JOB-BE-002,2025-12-22,Recruiter,rejected
APP-CAND-1197-JOB-GENAI-002,CAND-1197,JOB-GENAI-002,2025-11-20,Referral,screen
APP-CAND-1197-JOB-GENAI-001,CAND-1197,JOB-GENAI-001,2025-11-26,Indeed,interview
APP-CAND-1198-JOB-ML-001,CAND-1198,JOB-ML-001,2025-11-14,Indeed,rejected
APP-CAND-1198-JOB-FE-002,CAND-1198,JOB-FE-002,2025-11-26,Indeed,screen
APP-CAND-1198-JOB-DA-001,CAND-1198,JOB-DA-001,2025-12-12,Company Site,applied
APP-CAND-1198-JOB-ML-002,CAND-1198,JOB-ML-002,2025-11-14,Recruiter,interview
APP-CAND-1199-JOB-BE-001,CAND-1199,JOB-BE-001,2025-10-31,Company Site,screen
APP-CAND-1199-JOB-ML-001,CAND-1199,JOB-ML-001,2025-11-15,Company Site,rejected
APP-CAND-1199-JOB-FE-002,CAND-1199,JOB-FE-002,2025-12-02,Company Site,screen
APP-CAND-1199-JOB-FE-001,CAND-1199,JOB-FE-001,2025-10-31,Recruiter,rejected
APP-CAND-1199-JOB-BE-002,CAND-1199,JOB-BE-002,2025-12-06,Referral,applied
APP-CAND-1200-JOB-ML-001,CAND-1200,JOB-ML-001,2026-02-10,LinkedIn,screen
APP-CAND-1200-JOB-DA-002,CAND-1200,JOB-DA-002,2025-10-30,Company Site,offer
APP-CAND-1200-JOB-ML-002,CAND-1200,JOB-ML-002,2025-12-14,Indeed,rejected
APP-CAND-1201-JOB-FE-002,CAND-1201,JOB-FE-002,2025-11-26,LinkedIn,offer
APP-CAND-1201-JOB-ML-002,CAND-1201,JOB-ML-002,2025-12-17,Recruiter,interview
APP-CAND-1201-JOB-FE-001,CAND-1201,JOB-FE-001,2026-01-26,Referral,screen
APP-CAND-1202-JOB-FE-002,CAND-1202,JOB-FE-002,2025-11-05,LinkedIn,applied
APP-CAND-1203-JOB-ML-002,CAND-1203,JOB-ML-002,2026-01-28,Indeed,rejected
APP-CAND-1204-JOB-FE-002,CAND-1204,JOB-FE-002,2025-11-23,Company Site,interview
APP-CAND-1204-JOB-DA-002,CAND-1204,JOB-DA-002,2025-12-17,Referral,screen
APP-CAND-1204-JOB-FE-001,CAND-1204,JOB-FE-001,2026-01-13,Indeed,rejected
APP-CAND-1205-JOB-DA-002,CAND-1205,JOB-DA-002,2025-11-29,Indeed,interview
APP-CAND-1205-JOB-DA-001,CAND-1205,JOB-DA-001,2025-10-30,Recruiter,applied
APP-CAND-1205-JOB-GENAI-002,CAND-1205,JOB-GENAI-002,2026-01-29,Referral,offer
APP-CAND-1205-JOB-ML-001,CAND-1205,JOB-ML-001,2026-01-13,Referral,offer
APP-CAND-1205-JOB-GENAI-001,CAND-1205,JOB-GENAI-001,2025-11-24,Referral,screen
APP-CAND-1206-JOB-GENAI-002,CAND-1206,JOB-GENAI-002,2025-11-17,Company Site,offer
APP-CAND-1206-JOB-GENAI-001,CAND-1206,JOB-GENAI-001,2025-11-28,Indeed,offer
APP-CAND-1207-JOB-FE-002,CAND-1207,JOB-FE-002,2025-12-17,Company Site,interview
APP-CAND-1207-JOB-DA-001,CAND-1207,JOB-DA-001,2026-01-12,Company Site,interview
APP-CAND-1207-JOB-DA-002,CAND-1207,JOB-DA-002,2025-10-17,Company Site,offer
APP-CAND-1207-JOB-GENAI-001,CAND-1207,JOB-GENAI-001,2026-01-21,Referral,screen
APP-CAND-1208-JOB-DA-002,CAND-1208,JOB-DA-002,2025-10-29,LinkedIn,rejected
APP-CAND-1208-JOB-ML-001,CAND-1208,JOB-ML-001,2025-12-08,LinkedIn,offer
APP-CAND-1208-JOB-FE-002,CAND-1208,JOB-FE-002,2026-01-24,Referral,applied
APP-CAND-1208-JOB-BE-002,CAND-1208,JOB-BE-002,2025-12-12,Referral,screen
APP-CAND-1208-JOB-FE-001,CAND-1208,JOB-FE-001,2026-01-11,Indeed,interview
APP-CAND-1209-JOB-DA-002,CAND-1209,JOB-DA-002,2025-12-27,Indeed,rejected
APP-CAND-1209-JOB-DA-001,CAND-1209,JOB-DA-001,2025-11-11,Recruiter,interview
APP-CAND-1209-JOB-ML-001,CAND-1209,JOB-ML-001,2025-12-05,Recruiter,screen
APP-CAND-1209-JOB-BE-002,CAND-1209,JOB-BE-002,2025-12-08,Recruiter,screen
APP-CAND-1209-JOB-ML-002,CAND-1209,JOB-ML-002,2025-10-30,LinkedIn,screen
APP-CAND-1210-JOB-DA-002,CAND-1210,JOB-DA-002,2025-10-26,Company Site,applied
APP-CAND-1211-JOB-DA-002,CAND-1211,JOB-DA-002,2026-01-25,Recruiter,applied
APP-CAND-1211-JOB-DA-001,CAND-1211,JOB-DA-001,2026-01-10,Referral,applied
APP-CAND-1211-JOB-GENAI-002,CAND-1211,JOB-GENAI-002,2026-01-04,Company Site,applied
APP-CAND-1211-JOB-FE-001,CAND-1211,JOB-FE-001,2025-12-28,Recruiter,offer
APP-CAND-1211-JOB-ML-002,CAND-1211,JOB-ML-002,2025-10-20,Recruiter,applied
APP-CAND-1212-JOB-DA-002,CAND-1212,JOB-DA-002,2025-11-17,Indeed,rejected
APP-CAND-1212-JOB-DA-001,CAND-1212,JOB-DA-001,2025-12-08,LinkedIn,screen
APP-CAND-1212-JOB-ML-001,CAND-1212,JOB-ML-001,2025-10-14,Recruiter,interview
APP-CAND-1212-JOB-FE-002,CAND-1212,JOB-FE-002,2025-11-18,Recruiter,interview
APP-CAND-1212-JOB-ML-002,CAND-1212,JOB-ML-002,2026-01-23,Referral,screen
APP-CAND-1213-JOB-DA-002,CAND-1213,JOB-DA-002,2026-01-06,Recruiter,screen
APP-CAND-1214-JOB-GENAI-001,CAND-1214,JOB-GENAI-001,2026-01-03,LinkedIn,screen
APP-CAND-1215-JOB-ML-001,CAND-1215,JOB-ML-001,2025-12-18,Indeed,rejected
APP-CAND-1215-JOB-GENAI-002,CAND-1215,JOB-GENAI-002,2026-01-09,Referral,applied
APP-CAND-1216-JOB-BE-001,CAND-1216,JOB-BE-001,2025-10-24,LinkedIn,interview
APP-CAND-1217-JOB-FE-002,CAND-1217,JOB-FE-002,2025-11-24,Company Site,offer
APP-CAND-1217-JOB-GENAI-002,CAND-1217,JOB-GENAI-002,2026-01-08,Indeed,rejected
APP-CAND-1217-JOB-ML-002,CAND-1217,JOB-ML-002,2025-12-02,Company Site,interview
APP-CAND-1217-JOB-FE-001,CAND-1217,JOB-FE-001,2025-12-05,Referral,rejected
APP-CAND-1218-JOB-DA-002,CAND-1218,JOB-DA-002,2025-12-08,Company Site,offer
APP-CAND-1218-JOB-BE-001,CAND-1218,JOB-BE-001,2025-11-07,Recruiter,offer
APP-CAND-1218-JOB-DA-001,CAND-1218,JOB-DA-001,2025-11-30,Company Site,interview
APP-CAND-1218-JOB-BE-002,CAND-1218,JOB-BE-002,2026-01-31,Referral,screen
APP-CAND-1218-JOB-FE-001,CAND-1218,JOB-FE-001,2025-11-23,Recruiter,applied
APP-CAND-1219-JOB-ML-001,CAND-1219,JOB-ML-001,2025-10-13,Company Site,applied
APP-CAND-1219-JOB-GENAI-002,CAND-1219,JOB-GENAI-002,2026-01-02,Referral,offer
APP-CAND-1219-JOB-ML-002,CAND-1219,JOB-ML-002,2025-10-21,Recruiter,offer
APP-CAND-1220-JOB-DA-001,CAND-1220,JOB-DA-001,2026-02-05,Indeed,applied
APP-CAND-1220-JOB-ML-001,CAND-1220,JOB-ML-001,2025-10-28,Referral,screen
APP-CAND-1220-JOB-FE-002,CAND-1220,JOB-FE-002,2025-10-19,Recruiter,offer
APP-CAND-1220-JOB-GENAI-001,CAND-1220,JOB-GENAI-001,2026-01-28,Company Site,rejected
APP-CAND-1220-JOB-FE-001,CAND-1220,JOB-FE-001,2026-01-04,Indeed,rejected
APP-CAND-1221-JOB-DA-002,CAND-1221,JOB-DA-002,2026-01-24,LinkedIn,offer
APP-CAND-1222-JOB-DA-002,CAND-1222,JOB-DA-002,2025-10-19,Recruiter,applied
APP-CAND-1222-JOB-BE-001,CAND-1222,JOB-BE-001,2025-12-26,Referral,offer
APP-CAND-1222-JOB-DA-001,CAND-1222,JOB-DA-001,2026-01-17,Company Site,applied
APP-CAND-1222-JOB-GENAI-002,CAND-1222,JOB-GENAI-002,2026-02-04,LinkedIn,interview
APP-CAND-1222-JOB-FE-001,CAND-1222,JOB-FE-001,2025-12-23,Referral,offer
APP-CAND-1223-JOB-DA-001,CAND-1223,JOB-DA-001,2025-11-10,Referral,offer
APP-CAND-1223-JOB-DA-002,CAND-1223,JOB-DA-002,2026-02-06,LinkedIn,interview
APP-CAND-1223-JOB-BE-001,CAND-1223,JOB-BE-001,2025-11-11,Company Site,rejected
APP-CAND-1223-JOB-GENAI-002,CAND-1223,JOB-GENAI-002,2025-12-25,Company Site,applied
APP-CAND-1224-JOB-ML-002,CAND-1224,JOB-ML-002,2025-11-04,Indeed,screen
APP-CAND-1225-JOB-DA-001,CAND-1225,JOB-DA-001,2025-12-05,Recruiter,rejected
APP-CAND-1225-JOB-DA-002,CAND-1225,JOB-DA-002,2025-11-27,Indeed,rejected
APP-CAND-1226-JOB-DA-001,CAND-1226,JOB-DA-001,2025-12-14,Indeed,rejected
APP-CAND-1226-JOB-GENAI-002,CAND-1226,JOB-GENAI-002,2026-01-04,Indeed,offer
APP-CAND-1227-JOB-DA-002,CAND-1227,JOB-DA-002,2025-12-30,LinkedIn,offer
APP-CAND-1228-JOB-DA-002,CAND-1228,JOB-DA-002,2025-12-04,Indeed,offer
APP-CAND-1228-JOB-BE-001,CAND-1228,JOB-BE-001,2026-02-08,Indeed,interview
APP-CAND-1228-JOB-DA-001,CAND-1228,JOB-DA-001,2025-11-04,Indeed,applied
APP-CAND-1228-JOB-FE-002,CAND-1228,JOB-FE-002,2025-12-09,Indeed,screen
APP-CAND-1228-JOB-FE-001,CAND-1228,JOB-FE-001,2025-12-04,Indeed,interview
APP-CAND-1229-JOB-GENAI-001,CAND-1229,JOB-GENAI-001,2025-10-15,Recruiter,rejected
APP-CAND-1230-JOB-DA-001,CAND-1230,JOB-DA-001,2026-01-29,Referral,interview
APP-CAND-1230-JOB-GENAI-002,CAND-1230,JOB-GENAI-002,2026-01-20,Company Site,interview
APP-CAND-1230-JOB-GENAI-001,CAND-1230,JOB-GENAI-001,2025-12-19,Referral,offer
APP-CAND-1231-JOB-DA-001,CAND-1231,JOB-DA-001,2026-01-02,Indeed,rejected
APP-CAND-1231-JOB-DA-002,CAND-1231,JOB-DA-002,2025-11-21,LinkedIn,applied
APP-CAND-1232-JOB-DA-001,CAND-1232,JOB-DA-001,2026-01-11,LinkedIn,interview
APP-CAND-1232-JOB-GENAI-001,CAND-1232,JOB-GENAI-001,2026-01-19,LinkedIn,offer
APP-CAND-1233-JOB-FE-002,CAND-1233,JOB-FE-002,2025-10-31,LinkedIn,applied
APP-CAND-1233-JOB-GENAI-002,CAND-1233,JOB-GENAI-002,2026-01-21,Referral,interview
APP-CAND-1233-JOB-GENAI-001,CAND-1233,JOB-GENAI-001,2026-01-21,Indeed,rejected
APP-CAND-1234-JOB-GENAI-002,CAND-1234,JOB-GENAI-002,2026-01-28,Indeed,offer
APP-CAND-1234-JOB-DA-002,CAND-1234,JOB-DA-002,2026-01-14,Referral,screen
APP-CAND-1235-JOB-BE-001,CAND-1235,JOB-BE-001,2026-01-01,Recruiter,applied
APP-CAND-1235-JOB-DA-001,CAND-1235,JOB-DA-001,2026-01-24,LinkedIn,rejected
APP-CAND-1235-JOB-GENAI-001,CAND-1235,JOB-GENAI-001,2025-12-06,Indeed,applied
APP-CAND-1235-JOB-BE-002,CAND-1235,JOB-BE-002,2025-11-27,Referral,offer
APP-CAND-1235-JOB-ML-002,CAND-1235,JOB-ML-002,2025-12-09,Indeed,rejected
APP-CAND-1236-JOB-DA-001,CAND-1236,JOB-DA-001,2026-01-04,LinkedIn,applied
APP-CAND-1236-JOB-DA-002,CAND-1236,JOB-DA-002,2026-02-03,Company Site,screen
APP-CAND-1236-JOB-GENAI-002,CAND-1236,JOB-GENAI-002,2025-11-13,Company Site,offer
APP-CAND-1237-JOB-DA-002,CAND-1237,JOB-DA-002,2025-12-26,LinkedIn,offer
APP-CAND-1237-JOB-BE-002,CAND-1237,JOB-BE-002,2026-01-02,Company Site,offer
APP-CAND-1238-JOB-ML-001,CAND-1238,JOB-ML-001,2026-01-05,Company Site,screen
APP-CAND-1239-JOB-ML-001,CAND-1239,JOB-ML-001,2025-10-14,Indeed,rejected
APP-CAND-1240-JOB-GENAI-002,CAND-1240,JOB-GENAI-002,2026-01-02,Recruiter,applied
APP-CAND-1240-JOB-DA-001,CAND-1240,JOB-DA-001,2025-11-18,Company Site,interview
APP-CAND-1240-JOB-FE-002,CAND-1240,JOB-FE-002,2025-11-08,LinkedIn,screen
APP-CAND-1240-JOB-BE-002,CAND-1240,JOB-BE-002,2026-02-02,LinkedIn,rejected
APP-CAND-1240-JOB-FE-001,CAND-1240,JOB-FE-001,2026-02-10,LinkedIn,offer
APP-CAND-1241-JOB-DA-002,CAND-1241,JOB-DA-002,2025-10-30,Company Site,offer
APP-CAND-1242-JOB-DA-002,CAND-1242,JOB-DA-002,2026-01-25,LinkedIn,screen
APP-CAND-1242-JOB-BE-001,CAND-1242,JOB-BE-001,2026-01-10,LinkedIn,applied
APP-CAND-1242-JOB-DA-001,CAND-1242,JOB-DA-001,2025-11-15,Recruiter,screen
APP-CAND-1242-JOB-ML-001,CAND-1242,JOB-ML-001,2026-01-14,Company Site,applied
APP-CAND-1242-JOB-FE-001,CAND-1242,JOB-FE-001,2025-11-29,LinkedIn,screen
APP-CAND-1243-JOB-GENAI-001,CAND-1243,JOB-GENAI-001,2025-12-20,LinkedIn,interview
APP-CAND-1244-JOB-ML-001,CAND-1244,JOB-ML-001,2025-10-22,Company Site,interview
APP-CAND-1244-JOB-ML-002,CAND-1244,JOB-ML-002,2025-12-20,Recruiter,rejected
APP-CAND-1245-JOB-ML-001,CAND-1245,JOB-ML-001,2026-01-04,Referral,offer
APP-CAND-1245-JOB-ML-002,CAND-1245,JOB-ML-002,2026-01-27,Company Site,screen
APP-CAND-1245-JOB-BE-002,CAND-1245,JOB-BE-002,2026-01-05,Company Site,screen
APP-CAND-1246-JOB-ML-001,CAND-1246,JOB-ML-001,2026-02-02,Indeed,applied
APP-CAND-1246-JOB-DA-001,CAND-1246,JOB-DA-001,2026-01-11,Company Site,interview
APP-CAND-1246-JOB-DA-002,CAND-1246,JOB-DA-002,2025-10-30,Referral,rejected
APP-CAND-1246-JOB-ML-002,CAND-1246,JOB-ML-002,2025-10-24,Indeed,rejected
APP-CAND-1247-JOB-DA-002,CAND-1247,JOB-DA-002,2025-12-04,Referral,applied
APP-CAND-1247-JOB-BE-001,CAND-1247,JOB-BE-001,2025-12-12,Company Site,rejected
APP-CAND-1247-JOB-GENAI-002,CAND-1247,JOB-GENAI-002,2026-01-20,LinkedIn,offer
APP-CAND-1247-JOB-FE-002,CAND-1247,JOB-FE-002,2025-10-29,Referral,offer
APP-CAND-1247-JOB-GENAI-001,CAND-1247,JOB-GENAI-001,2025-10-20,Company Site,applied
APP-CAND-1248-JOB-GENAI-001,CAND-1248,JOB-GENAI-001,2025-10-15,Indeed,interview
APP-CAND-1249-JOB-BE-002,CAND-1249,JOB-BE-002,2025-11-13,Company Site,interview
